sujeto,grupo,canal,condicion,var_baseline,var_senal,snr,metodo
co2a0000364,alcoholic,P8,S1 obj,0.022845133273225737,6.718019721612984,294.0678717548317,homogeneo
co2a0000364,alcoholic,P8,S2 match,0.01345989076293082,10.629590795980404,789.7234073589069,homogeneo
co2a0000364,alcoholic,P8,S2 nomatch,0.11747328610687867,6.0667610004996115,51.6437498392613,homogeneo
co2a0000364,alcoholic,PO8,S1 obj,0.7774072702697409,9.296024792744687,11.957728141028573,homogeneo
co2a0000364,alcoholic,PO8,S2 match,0.48595166998340733,4.207761572606763,8.658806693164438,homogeneo
co2a0000364,alcoholic,PO8,S2 nomatch,0.3220887895240015,4.8834701183943645,15.161875474186465,homogeneo
co2a0000364,alcoholic,T8,S1 obj,2.433884303402224,3.944625863329713,1.6207121504566535,homogeneo
co2a0000364,alcoholic,T8,S2 match,0.790591967260476,14.13826943027284,17.883143284726433,homogeneo
co2a0000364,alcoholic,T8,S2 nomatch,0.5870275660673562,2.778485821537695,4.733143692299603,homogeneo
co2a0000364,alcoholic,TP8,S1 obj,0.23913189469717935,4.870272644109729,20.3664703542667,homogeneo
co2a0000364,alcoholic,TP8,S2 match,0.09689232733128332,9.151750486231556,94.45278835073208,homogeneo
co2a0000364,alcoholic,TP8,S2 nomatch,0.10595570709161152,3.6964790932215483,34.887022083911866,homogeneo
co2a0000365,alcoholic,P8,S1 obj,0.07178021664009294,11.87784875191603,165.47524245394433,homogeneo
co2a0000365,alcoholic,P8,S2 match,0.5048927855868598,12.095178764805256,23.955935022415662,homogeneo
co2a0000365,alcoholic,P8,S2 nomatch,0.004326090264420976,11.96070774281532,2764.784600354657,homogeneo
co2a0000365,alcoholic,PO8,S1 obj,0.12619457621556848,11.832558691397946,93.76439975665275,homogeneo
co2a0000365,alcoholic,PO8,S2 match,1.2097189049714074,6.023874355301158,4.979565360635193,homogeneo
co2a0000365,alcoholic,PO8,S2 nomatch,0.18099365663893208,13.15411890225416,72.67723712823582,homogeneo
co2a0000365,alcoholic,T8,S1 obj,0.06611820139023421,1.6750286385694804,25.3338506394532,homogeneo
co2a0000365,alcoholic,T8,S2 match,1.219029504468659,9.166961655716275,7.519884975804501,homogeneo
co2a0000365,alcoholic,T8,S2 nomatch,0.07017801780965147,2.361229761986339,33.646287479804016,homogeneo
co2a0000365,alcoholic,TP8,S1 obj,0.05702551457866928,5.8109256413358334,101.9004507766326,homogeneo
co2a0000365,alcoholic,TP8,S2 match,0.32828643659707557,10.80621335874,32.91702657823502,homogeneo
co2a0000365,alcoholic,TP8,S2 nomatch,0.08820957531007813,6.422251696091051,72.80674091803836,homogeneo
co2a0000368,alcoholic,P8,S1 obj,0.046015790708970716,10.058838588472462,218.5953654929047,homogeneo
co2a0000368,alcoholic,P8,S2 match,1.605901452120452,5.803512390655762,3.613865834041518,homogeneo
co2a0000368,alcoholic,P8,S2 nomatch,0.7005862183645447,7.223791139896195,10.311066576158868,homogeneo
co2a0000368,alcoholic,PO8,S1 obj,1.633123208056892,12.870096101273164,7.880664506988512,homogeneo
co2a0000368,alcoholic,PO8,S2 match,0.022139261087970274,7.085416975009373,320.0385481184532,homogeneo
co2a0000368,alcoholic,PO8,S2 nomatch,0.24796311324279113,9.936593515475671,40.072869651972525,homogeneo
co2a0000368,alcoholic,T8,S1 obj,0.410057909386215,1.8784095893897619,4.580839794558316,homogeneo
co2a0000368,alcoholic,T8,S2 match,0.6980250700610163,1.3854605983672783,1.9848292816276232,homogeneo
co2a0000368,alcoholic,T8,S2 nomatch,0.04623357957299227,2.1847167309881668,47.25389535411156,homogeneo
co2a0000368,alcoholic,TP8,S1 obj,0.07750079780571315,4.298402734578514,55.46269014358001,homogeneo
co2a0000368,alcoholic,TP8,S2 match,0.9086773498965126,1.5339673023122484,1.6881319892995559,homogeneo
co2a0000368,alcoholic,TP8,S2 nomatch,0.7477769088917444,3.043491884267498,4.070053311459105,homogeneo
co2a0000369,alcoholic,P8,S1 obj,0.6341574106824827,16.00084055734125,25.231654298766426,homogeneo
co2a0000369,alcoholic,P8,S2 match,0.051634622752640545,9.336926018120804,180.82684680103182,homogeneo
co2a0000369,alcoholic,P8,S2 nomatch,0.31832577280339086,9.564190716907229,30.045291754665456,homogeneo
co2a0000369,alcoholic,PO8,S1 obj,0.3023333609159464,19.45041031636969,64.33431711751196,homogeneo
co2a0000369,alcoholic,PO8,S2 match,0.27961841709717067,8.28183678054104,29.618352276355978,homogeneo
co2a0000369,alcoholic,PO8,S2 nomatch,0.15367305630348455,9.15698734901918,59.587461649329775,homogeneo
co2a0000369,alcoholic,T8,S1 obj,0.19966720954880898,2.6871528677413683,13.458158071190399,homogeneo
co2a0000369,alcoholic,T8,S2 match,0.0807092912853092,15.35886218092967,190.29856335419598,homogeneo
co2a0000369,alcoholic,T8,S2 nomatch,0.19535281794924933,8.749704964944927,44.78924367099742,homogeneo
co2a0000369,alcoholic,TP8,S1 obj,0.25525967916684367,7.314589000745861,28.65548144783523,homogeneo
co2a0000369,alcoholic,TP8,S2 match,0.05668940866993188,10.979779102727791,193.6830769686874,homogeneo
co2a0000369,alcoholic,TP8,S2 nomatch,0.26767670899095786,7.013823735501522,26.20259253014968,homogeneo
co2a0000370,alcoholic,P8,S1 obj,0.10808285528809065,8.57224776115392,79.31181812605641,homogeneo
co2a0000370,alcoholic,P8,S2 match,0.37199134723945404,13.4116355220104,36.05362227250198,homogeneo
co2a0000370,alcoholic,P8,S2 nomatch,0.022170389637983005,6.525171204489602,294.3191938002964,homogeneo
co2a0000370,alcoholic,PO8,S1 obj,0.09104789575764796,6.881529602428947,75.58142387767269,homogeneo
co2a0000370,alcoholic,PO8,S2 match,0.11191223856994217,14.202962644937182,126.91161240654397,homogeneo
co2a0000370,alcoholic,PO8,S2 nomatch,0.0492853730004346,8.748486912793364,177.50676073236212,homogeneo
co2a0000370,alcoholic,T8,S1 obj,0.07527595645736837,3.623637570680825,48.138047541555025,homogeneo
co2a0000370,alcoholic,T8,S2 match,0.024595883459991388,16.56891785265994,673.6459733032798,homogeneo
co2a0000370,alcoholic,T8,S2 nomatch,0.05390581066069888,2.7267827471475052,50.584208153565925,homogeneo
co2a0000370,alcoholic,TP8,S1 obj,0.3612491318186413,6.066113481669945,16.792049993673977,homogeneo
co2a0000370,alcoholic,TP8,S2 match,0.2270762775149657,13.50634651144004,59.47933733654714,homogeneo
co2a0000370,alcoholic,TP8,S2 nomatch,0.07934078361473758,4.159001553811289,52.41946656345795,homogeneo
co2a0000371,alcoholic,P8,S1 obj,0.15040929109609674,9.948559046889718,66.14324802936254,homogeneo
co2a0000371,alcoholic,P8,S2 match,0.5262028491831339,20.376699745318138,38.724039174152125,homogeneo
co2a0000371,alcoholic,P8,S2 nomatch,0.09588089603497253,11.727299996744758,122.3111222538766,homogeneo
co2a0000371,alcoholic,PO8,S1 obj,0.5498657504354767,9.69928005364864,17.639360236507017,homogeneo
co2a0000371,alcoholic,PO8,S2 match,0.6939045346514814,20.936581357366077,30.172135087547204,homogeneo
co2a0000371,alcoholic,PO8,S2 nomatch,0.3164821218886985,13.631019716896091,43.070425702245174,homogeneo
co2a0000371,alcoholic,T8,S1 obj,0.39646248022889047,6.722667023801979,16.956628581652335,homogeneo
co2a0000371,alcoholic,T8,S2 match,0.17471185021435148,18.232691206918044,104.35864072499155,homogeneo
co2a0000371,alcoholic,T8,S2 nomatch,0.00878093622441197,9.816183626790032,1117.8971553739293,homogeneo
co2a0000371,alcoholic,TP8,S1 obj,2.169272634760549,9.42013830098281,4.342533137621327,homogeneo
co2a0000371,alcoholic,TP8,S2 match,0.8489013447817506,19.009759712350426,22.39336741448768,homogeneo
co2a0000371,alcoholic,TP8,S2 nomatch,0.030661671792311062,11.25920375334092,367.20775793328914,homogeneo
co2a0000372,alcoholic,P8,S1 obj,0.026510102776130744,12.051651514888393,454.6059898998015,homogeneo
co2a0000372,alcoholic,P8,S2 match,0.03685508019262328,12.239943402748683,332.11007380194405,homogeneo
co2a0000372,alcoholic,P8,S2 nomatch,0.1356770008340395,16.1185219151058,118.80069441409618,homogeneo
co2a0000372,alcoholic,PO8,S1 obj,0.05174205046687182,18.665783149182374,360.7468776509594,homogeneo
co2a0000372,alcoholic,PO8,S2 match,0.010461389865653065,17.96324929106602,1717.0996895969945,homogeneo
co2a0000372,alcoholic,PO8,S2 nomatch,0.09314951391746362,25.36511815354145,272.30542690771904,homogeneo
co2a0000372,alcoholic,T8,S1 obj,0.11368423633290861,2.2638109460073843,19.913147319546802,homogeneo
co2a0000372,alcoholic,T8,S2 match,0.052563581840241895,4.953240020205696,94.23330463399984,homogeneo
co2a0000372,alcoholic,T8,S2 nomatch,0.02211328814720271,4.670574754475753,211.2112284425947,homogeneo
co2a0000372,alcoholic,TP8,S1 obj,0.012754948985659997,5.910929837780671,463.42246013105586,homogeneo
co2a0000372,alcoholic,TP8,S2 match,0.025954621602465294,7.9585239782344095,306.6322483961188,homogeneo
co2a0000372,alcoholic,TP8,S2 nomatch,0.049663190586746155,8.903131347170165,179.2702249288467,homogeneo
co2a0000375,alcoholic,P8,S1 obj,0.1867743053165793,4.628911385647472,24.783448546637853,homogeneo
co2a0000375,alcoholic,P8,S2 match,0.7258570723939547,8.528357946207676,11.749362609473836,homogeneo
co2a0000375,alcoholic,P8,S2 nomatch,0.2328794008235882,7.3327101058509925,31.487156356116262,homogeneo
co2a0000375,alcoholic,PO8,S1 obj,0.2963763633434914,3.7012411544265693,12.488314225439566,homogeneo
co2a0000375,alcoholic,PO8,S2 match,0.34371591883590286,8.38839126926293,24.405012423261443,homogeneo
co2a0000375,alcoholic,PO8,S2 nomatch,0.1109469386576493,5.643111480607892,50.86315628789839,homogeneo
co2a0000375,alcoholic,T8,S1 obj,0.009764536182862132,1.3122779879387936,134.39225001203747,homogeneo
co2a0000375,alcoholic,T8,S2 match,0.564509311720167,4.906764929302323,8.692088558026578,homogeneo
co2a0000375,alcoholic,T8,S2 nomatch,0.8425655413652356,2.096531237705527,2.488270804795139,homogeneo
co2a0000375,alcoholic,TP8,S1 obj,0.10047590774728686,2.5700381018764427,25.578650240617918,homogeneo
co2a0000375,alcoholic,TP8,S2 match,0.5968813216896144,4.734399652453387,7.93189446614202,homogeneo
co2a0000375,alcoholic,TP8,S2 nomatch,0.43698115530801324,3.9590085343232237,9.05990678598635,homogeneo
co2a0000377,alcoholic,P8,S1 obj,1.1224105157307165,4.388140203806545,3.9095679720621286,homogeneo
co2a0000377,alcoholic,P8,S2 match,0.01800511227138082,7.059661418599378,392.0920520901572,homogeneo
co2a0000377,alcoholic,P8,S2 nomatch,0.16729514851840657,3.819464724589255,22.830696277896067,homogeneo
co2a0000377,alcoholic,PO8,S1 obj,1.695335258362906,8.98157221328333,5.297814794435616,homogeneo
co2a0000377,alcoholic,PO8,S2 match,0.025757393458039245,9.83811396056198,381.9530099809601,homogeneo
co2a0000377,alcoholic,PO8,S2 nomatch,0.3408046591114407,8.79339575949411,25.80186486423219,homogeneo
co2a0000377,alcoholic,T8,S1 obj,0.5989727740962582,3.3607232357080346,5.610811344102843,homogeneo
co2a0000377,alcoholic,T8,S2 match,0.1341156610653851,5.768254289796423,43.00955044306301,homogeneo
co2a0000377,alcoholic,T8,S2 nomatch,0.04097361936634457,0.7324027435315357,17.874982851359377,homogeneo
co2a0000377,alcoholic,TP8,S1 obj,0.700674463003157,2.7409469644475153,3.911869361842527,homogeneo
co2a0000377,alcoholic,TP8,S2 match,0.030782524335380836,5.707786980350752,185.42296655607066,homogeneo
co2a0000377,alcoholic,TP8,S2 nomatch,0.09887445799982322,1.494570053511273,15.115835613621721,homogeneo
co2a0000378,alcoholic,P8,S1 obj,0.20872689664115202,15.734960028877198,75.3853972922766,homogeneo
co2a0000378,alcoholic,P8,S2 match,0.4175668105816791,8.291362322821927,19.856372950886325,homogeneo
co2a0000378,alcoholic,P8,S2 nomatch,0.08780584245300328,7.658159785595059,87.21697294452781,homogeneo
co2a0000378,alcoholic,PO8,S1 obj,0.6939468341039062,34.36979945342438,49.52800094232883,homogeneo
co2a0000378,alcoholic,PO8,S2 match,0.7302848883376373,17.77213828560609,24.33589763312942,homogeneo
co2a0000378,alcoholic,PO8,S2 nomatch,0.05618475247362896,13.290032356719935,236.54161977411547,homogeneo
co2a0000378,alcoholic,T8,S1 obj,0.36643175951332646,3.707546096527374,10.117971492022207,homogeneo
co2a0000378,alcoholic,T8,S2 match,0.0999937320714616,8.626923048386347,86.27463811652737,homogeneo
co2a0000378,alcoholic,T8,S2 nomatch,2.8710924433224467,7.278715245277761,2.535172722218162,homogeneo
co2a0000378,alcoholic,TP8,S1 obj,0.0018057899223092588,5.301508985127904,2935.839279880514,homogeneo
co2a0000378,alcoholic,TP8,S2 match,0.16768640206262234,5.569326048405497,33.21274700810646,homogeneo
co2a0000378,alcoholic,TP8,S2 nomatch,0.10629777345407018,5.914918711662697,55.64480345600515,homogeneo
co2c0000337,control,P8,S1 obj,0.32104633925731313,7.708207886763387,24.009642672129615,homogeneo
co2c0000337,control,P8,S2 match,0.8292029285949196,13.081551365184549,15.776055431149013,homogeneo
co2c0000337,control,P8,S2 nomatch,0.8455159850556908,13.93886285964062,16.485629019447245,homogeneo
co2c0000337,control,PO8,S1 obj,1.2449637820319897,9.485440413134729,7.619049284833732,homogeneo
co2c0000337,control,PO8,S2 match,0.0438512023091692,18.460069411011027,420.9706561945523,homogeneo
co2c0000337,control,PO8,S2 nomatch,1.1448306279904759,15.133358479888463,13.218862345124435,homogeneo
co2c0000337,control,T8,S1 obj,0.5827616864960662,5.25696954382061,9.020787854858566,homogeneo
co2c0000337,control,T8,S2 match,0.4453766862463069,8.946207080351021,20.086832913843846,homogeneo
co2c0000337,control,T8,S2 nomatch,1.259781120362556,9.914485078680528,7.870006081554239,homogeneo
co2c0000337,control,TP8,S1 obj,0.11556808520652116,5.9247483866538335,51.2663022500222,homogeneo
co2c0000337,control,TP8,S2 match,0.7929156140462893,10.45623857354908,13.187076138140798,homogeneo
co2c0000337,control,TP8,S2 nomatch,0.8760578423312889,13.21461260614233,15.084178198755406,homogeneo
co2c0000338,control,P8,S1 obj,0.02218429282635962,32.29826786594375,1455.9070292998745,homogeneo
co2c0000338,control,P8,S2 match,0.3062773892298338,14.40961606714298,47.047599900787496,homogeneo
co2c0000338,control,P8,S2 nomatch,0.3311239271710952,14.995855498268186,45.28774355384977,homogeneo
co2c0000338,control,PO8,S1 obj,0.8050599536389037,43.24657988406651,53.718458716757944,homogeneo
co2c0000338,control,PO8,S2 match,4.395739548434483,20.8732639150709,4.748521536610329,homogeneo
co2c0000338,control,PO8,S2 nomatch,0.2743213003871896,20.144275793828413,73.43314487572005,homogeneo
co2c0000338,control,T8,S1 obj,0.015279484569821039,8.574736513868539,561.1927859664032,homogeneo
co2c0000338,control,T8,S2 match,0.15302922856014292,5.56414082645401,36.359987427285596,homogeneo
co2c0000338,control,T8,S2 nomatch,0.37436913341954503,5.54228679627771,14.804336953887233,homogeneo
co2c0000338,control,TP8,S1 obj,0.016722062249212945,18.885406423190165,1129.3706566652113,homogeneo
co2c0000338,control,TP8,S2 match,0.3519675362263938,7.523728204449595,21.376199308365063,homogeneo
co2c0000338,control,TP8,S2 nomatch,0.032859758501280985,9.863443027105452,300.16784897311226,homogeneo
co2c0000339,control,P8,S1 obj,0.25146701355962015,1.8295638436727932,7.2755619823632385,homogeneo
co2c0000339,control,P8,S2 match,0.20772739237690638,39.00749564235997,187.78214657209813,homogeneo
co2c0000339,control,P8,S2 nomatch,0.2141691098034967,31.505712980298288,147.10670931585437,homogeneo
co2c0000339,control,PO8,S1 obj,0.013529409373702493,1.9821627212001605,146.5077052848255,homogeneo
co2c0000339,control,PO8,S2 match,0.1771259581291666,39.9103771471326,225.32201134533045,homogeneo
co2c0000339,control,PO8,S2 nomatch,0.01805848140922289,45.67714430498896,2529.401186616975,homogeneo
co2c0000339,control,T8,S1 obj,0.07780793114087113,0.67851472725886,8.720380008953203,homogeneo
co2c0000339,control,T8,S2 match,0.14487982751846193,20.290131851465727,140.04801219742046,homogeneo
co2c0000339,control,T8,S2 nomatch,0.23180225850578115,24.964041131813925,107.69541803748785,homogeneo
co2c0000339,control,TP8,S1 obj,0.2561172750854814,1.131634627214145,4.418423657039347,homogeneo
co2c0000339,control,TP8,S2 match,0.28619377148844516,26.868622969488197,93.8826265496592,homogeneo
co2c0000339,control,TP8,S2 nomatch,0.21763270021822576,29.178113524606392,134.0704475722112,homogeneo
co2c0000340,control,P8,S1 obj,0.49326986829049285,41.88347749639193,84.90986413085793,homogeneo
co2c0000340,control,P8,S2 match,0.6480920167564453,40.61365119113195,62.66648892605426,homogeneo
co2c0000340,control,P8,S2 nomatch,1.8620951152625531,39.74993727974007,21.346888756611865,homogeneo
co2c0000340,control,PO8,S1 obj,0.11431392754453962,49.63941533100689,434.23768561941944,homogeneo
co2c0000340,control,PO8,S2 match,0.24250322252143328,37.91008356044361,156.32816408075973,homogeneo
co2c0000340,control,PO8,S2 nomatch,0.23866914875813947,46.86883072050587,196.3757400752345,homogeneo
co2c0000340,control,T8,S1 obj,0.3518822821491133,6.1448639501457265,17.46283988104233,homogeneo
co2c0000340,control,T8,S2 match,0.5562931557166372,17.258239936952037,31.02364240796625,homogeneo
co2c0000340,control,T8,S2 nomatch,0.818468119889646,5.714393571422938,6.981815702477708,homogeneo
co2c0000340,control,TP8,S1 obj,0.5948580851171525,13.905942828472988,23.37690816749061,homogeneo
co2c0000340,control,TP8,S2 match,0.6414530799716862,25.49063441187747,39.738891600618125,homogeneo
co2c0000340,control,TP8,S2 nomatch,0.8066681807461508,8.973556428221492,11.124222626360625,homogeneo
co2c0000341,control,P8,S1 obj,1.0369485586874585,24.872551550093156,23.986292609901653,homogeneo
co2c0000341,control,P8,S2 match,0.04228076030262261,10.933442561192818,258.59143693105807,homogeneo
co2c0000341,control,P8,S2 nomatch,0.008673408049005168,18.524768868266904,2135.8119857386023,homogeneo
co2c0000341,control,PO8,S1 obj,0.40505929803402585,29.892860108660855,73.79872589950963,homogeneo
co2c0000341,control,PO8,S2 match,0.05017566972237556,11.859930984101368,236.36816508325543,homogeneo
co2c0000341,control,PO8,S2 nomatch,1.15599027955912,23.645882379381934,20.455087553504494,homogeneo
co2c0000341,control,T8,S1 obj,0.6591956588667331,8.490747689221111,12.880466633864241,homogeneo
co2c0000341,control,T8,S2 match,0.21802668754275897,3.9685704672738904,18.202223369997224,homogeneo
co2c0000341,control,T8,S2 nomatch,0.004983091478945072,4.158230298412172,834.4679835764274,homogeneo
co2c0000341,control,TP8,S1 obj,1.090744135155836,13.689397599747121,12.550512222365787,homogeneo
co2c0000341,control,TP8,S2 match,0.11671485509045039,5.899230815769923,50.54395870344184,homogeneo
co2c0000341,control,TP8,S2 nomatch,0.004612399580121688,9.685751798882224,2099.937707180757,homogeneo
co2c0000342,control,P8,S1 obj,0.7669185846121979,28.6769709556251,37.392457988387356,homogeneo
co2c0000342,control,P8,S2 match,0.061470992469049586,13.362009714170966,217.37097739065607,homogeneo
co2c0000342,control,P8,S2 nomatch,1.3915221574328978,8.34334386211373,5.995839748255007,homogeneo
co2c0000342,control,PO8,S1 obj,0.10133247985621886,34.33067861289642,338.7924450443568,homogeneo
co2c0000342,control,PO8,S2 match,0.6069310941148746,12.595143048853231,20.752179565328603,homogeneo
co2c0000342,control,PO8,S2 nomatch,0.11737139219763922,7.268047136989947,61.9234977186897,homogeneo
co2c0000342,control,T8,S1 obj,0.5815642079750825,18.49711848512554,31.805806188674634,homogeneo
co2c0000342,control,T8,S2 match,0.10263410838261754,13.214095174876471,128.74954908376694,homogeneo
co2c0000342,control,T8,S2 nomatch,0.3130334949654399,10.1515911718546,32.42972824034493,homogeneo
co2c0000342,control,TP8,S1 obj,0.8855970572108488,23.170151067612057,26.163310818337052,homogeneo
co2c0000342,control,TP8,S2 match,0.115653846480865,11.100179832569129,95.97761051903846,homogeneo
co2c0000342,control,TP8,S2 nomatch,0.5617505600970869,7.370098411747409,13.119877282318402,homogeneo
co2c0000344,control,P8,S1 obj,0.007703233327788786,7.354377034411554,954.7130044576527,homogeneo
co2c0000344,control,P8,S2 match,0.10347467039784079,61.919175828112685,598.3993530981545,homogeneo
co2c0000344,control,P8,S2 nomatch,0.15597875262124342,20.810133374956507,133.4164623401552,homogeneo
co2c0000344,control,PO8,S1 obj,0.06661444247145255,10.918837812164108,163.91096895907143,homogeneo
co2c0000344,control,PO8,S2 match,0.11102967288536246,65.64571795992272,591.2448109948191,homogeneo
co2c0000344,control,PO8,S2 nomatch,0.2106155429396988,23.452969351274874,111.35440919471777,homogeneo
co2c0000344,control,T8,S1 obj,0.029458506062485814,6.1062533815176785,207.2831992418563,homogeneo
co2c0000344,control,T8,S2 match,0.2555176097290173,56.114343938273926,219.61047615381406,homogeneo
co2c0000344,control,T8,S2 nomatch,1.0570619367489074,28.767895609418193,27.214957429927466,homogeneo
co2c0000344,control,TP8,S1 obj,0.006672958881568566,4.885289097250325,732.1023827591717,homogeneo
co2c0000344,control,TP8,S2 match,0.19699889538791573,58.38605566690056,296.3775789297246,homogeneo
co2c0000344,control,TP8,S2 nomatch,0.22824993537530439,24.24163178737515,106.20652201944932,homogeneo
co2c0000345,control,P8,S1 obj,0.6506571153192289,109.2996583598726,167.9834981997352,homogeneo
co2c0000345,control,P8,S2 match,0.8334468451151108,11.686587391586485,14.02199487595685,homogeneo
co2c0000345,control,P8,S2 nomatch,1.0540772169926538,23.239968045623947,22.047690312412772,homogeneo
co2c0000345,control,PO8,S1 obj,0.6868216063750101,111.08730481094048,161.74113303926248,homogeneo
co2c0000345,control,PO8,S2 match,1.4259618704676733,17.08057422998035,11.978282578045672,homogeneo
co2c0000345,control,PO8,S2 nomatch,0.6459445937508116,21.04338134827985,32.57768785723104,homogeneo
co2c0000345,control,T8,S1 obj,0.5740168897204542,14.781607140383104,25.751171098086914,homogeneo
co2c0000345,control,T8,S2 match,0.029847458725434168,18.58992227893768,622.8309904017555,homogeneo
co2c0000345,control,T8,S2 nomatch,1.0160975452817913,12.797167834333374,12.594428452028563,homogeneo
co2c0000345,control,TP8,S1 obj,0.27151656020762827,60.65120387924599,223.37939105027743,homogeneo
co2c0000345,control,TP8,S2 match,0.3612396057850549,6.576712467139442,18.205956273390253,homogeneo
co2c0000345,control,TP8,S2 nomatch,1.4292277829911952,11.075463180243844,7.749263841669998,homogeneo
co2c0000346,control,P8,S1 obj,0.8390136751751375,11.86682177642187,14.14377635018257,homogeneo
co2c0000346,control,P8,S2 match,0.11145928136008391,42.10108398695592,377.726138848346,homogeneo
co2c0000346,control,P8,S2 nomatch,0.0368952898317213,44.94851134837519,1218.2723473208769,homogeneo
co2c0000346,control,PO8,S1 obj,0.7551303044572554,11.951828898598661,15.827505303457468,homogeneo
co2c0000346,control,PO8,S2 match,0.10067363648891635,35.853449019896516,356.13543197919347,homogeneo
co2c0000346,control,PO8,S2 nomatch,0.08235683065008396,41.25039643491249,500.874015055003,homogeneo
co2c0000346,control,T8,S1 obj,0.044683180215001,3.9239557909997447,87.8172899090651,homogeneo
co2c0000346,control,T8,S2 match,0.7895726314856812,11.038982209021247,13.980958519610791,homogeneo
co2c0000346,control,T8,S2 nomatch,1.3614581896913829,19.737093270565154,14.497024895813498,homogeneo
co2c0000346,control,TP8,S1 obj,0.4220122474829383,5.574848909582806,13.210159048306277,homogeneo
co2c0000346,control,TP8,S2 match,0.36266319227912286,20.618309714860295,56.85250158773064,homogeneo
co2c0000346,control,TP8,S2 nomatch,0.042193201944824586,27.18016491655052,644.1835097533866,homogeneo
co2c0000347,control,P8,S1 obj,0.1370856272542834,6.382051915935307,46.55522277398992,homogeneo
co2c0000347,control,P8,S2 match,0.40083165646859775,19.543135020634725,48.75646597579996,homogeneo
co2c0000347,control,P8,S2 nomatch,0.11540276161462429,7.1796638181393435,62.2139688659713,homogeneo
co2c0000347,control,PO8,S1 obj,0.17154162724668773,10.476069205338812,61.07012842004559,homogeneo
co2c0000347,control,PO8,S2 match,0.523079295850245,22.18988549234173,42.421647479418844,homogeneo
co2c0000347,control,PO8,S2 nomatch,0.11745670126533972,9.455599468372554,80.50285225541921,homogeneo
co2c0000347,control,T8,S1 obj,0.07312605745914835,3.086534232671978,42.208404772761895,homogeneo
co2c0000347,control,T8,S2 match,0.18149369601030335,16.65268188889549,91.75350028658913,homogeneo
co2c0000347,control,T8,S2 nomatch,0.04551136769561087,6.68506114468767,146.8877224125343,homogeneo
co2c0000347,control,TP8,S1 obj,0.07547794462384556,3.7501720790261346,49.68566774990521,homogeneo
co2c0000347,control,TP8,S2 match,0.3243971478970079,19.159298744836825,59.06124289021081,homogeneo
co2c0000347,control,TP8,S2 nomatch,0.12214926676509383,6.186947455904413,50.65071301494243,homogeneo
co2a0000364,alcoholic,P8,S1 obj,0.404590955796591,5.16057505644218,12.755043044107667,ponderado
co2a0000364,alcoholic,P8,S2 match,0.3663341265342285,12.018580282398206,32.807700434852194,ponderado
co2a0000364,alcoholic,P8,S2 nomatch,0.6237221782786194,9.551110998681683,15.313085426978612,ponderado
co2a0000364,alcoholic,PO8,S1 obj,0.9130235772809306,6.325762275631873,6.928366838532892,ponderado
co2a0000364,alcoholic,PO8,S2 match,0.522925839828122,8.97548330302003,17.163969762844648,ponderado
co2a0000364,alcoholic,PO8,S2 nomatch,2.3152314434410086,11.93721048407097,5.15594694339902,ponderado
co2a0000364,alcoholic,T8,S1 obj,8.9552583467234,12.2269021679294,1.365332153974435,ponderado
co2a0000364,alcoholic,T8,S2 match,2.6586582527123057,20.708990522917254,7.789263814478747,ponderado
co2a0000364,alcoholic,T8,S2 nomatch,3.7278081175773905,4.534081716692648,1.2162862394428269,ponderado
co2a0000364,alcoholic,TP8,S1 obj,0.04921635939179758,3.5706546658662446,72.55015832116447,ponderado
co2a0000364,alcoholic,TP8,S2 match,0.02182976574148961,11.776431905965403,539.4667100610768,ponderado
co2a0000364,alcoholic,TP8,S2 nomatch,1.299144835760926,7.324055225821686,5.637597151769373,ponderado
co2a0000365,alcoholic,P8,S1 obj,0.4295404208102555,21.966267582225985,51.139000005611415,ponderado
co2a0000365,alcoholic,P8,S2 match,0.567129175388524,23.231491613999744,40.963315981909254,ponderado
co2a0000365,alcoholic,P8,S2 nomatch,1.4100405123048225,14.912292957877806,10.575790431370292,ponderado
co2a0000365,alcoholic,PO8,S1 obj,0.2596076537783753,22.165340767643738,85.38015133623945,ponderado
co2a0000365,alcoholic,PO8,S2 match,0.1501238453188764,9.742677526163984,64.89760174654246,ponderado
co2a0000365,alcoholic,PO8,S2 nomatch,0.3266614234111326,17.869970080481266,54.7048680982153,ponderado
co2a0000365,alcoholic,T8,S1 obj,0.29636992447911875,3.4914516746425663,11.780721950039037,ponderado
co2a0000365,alcoholic,T8,S2 match,1.1410123883764678,24.389919512589053,21.37568335019847,ponderado
co2a0000365,alcoholic,T8,S2 nomatch,0.8521375741103159,3.6603873476852398,4.2955356727543785,ponderado
co2a0000365,alcoholic,TP8,S1 obj,0.029094102657148475,14.706281828598188,505.47294762448456,ponderado
co2a0000365,alcoholic,TP8,S2 match,0.28211699710818466,43.72925038907223,155.00395522891228,ponderado
co2a0000365,alcoholic,TP8,S2 nomatch,1.2980932550471451,8.609106349664824,6.632117004068519,ponderado
co2a0000368,alcoholic,P8,S1 obj,0.054191955042067246,12.339443824846915,227.69881277153138,ponderado
co2a0000368,alcoholic,P8,S2 match,0.2928736279737568,12.742297132336152,43.50783380700271,ponderado
co2a0000368,alcoholic,P8,S2 nomatch,1.630183508300107,13.15191706853824,8.067752496314084,ponderado
co2a0000368,alcoholic,PO8,S1 obj,0.560383443803802,19.352393644805638,34.53419949997876,ponderado
co2a0000368,alcoholic,PO8,S2 match,0.3972340831494395,9.307402210587306,23.4305227204934,ponderado
co2a0000368,alcoholic,PO8,S2 nomatch,0.08507669561156106,18.16401842855389,213.50169159702983,ponderado
co2a0000368,alcoholic,T8,S1 obj,1.348028576454359,3.0793792575903174,2.2843575510022416,ponderado
co2a0000368,alcoholic,T8,S2 match,0.3645430367590527,3.4819860194200087,9.551645946597663,ponderado
co2a0000368,alcoholic,T8,S2 nomatch,0.9715738730653471,6.921747728384528,7.124262930770451,ponderado
co2a0000368,alcoholic,TP8,S1 obj,0.08204793369170517,5.15199921898543,62.79255292819499,ponderado
co2a0000368,alcoholic,TP8,S2 match,0.8444435602408328,3.4503247586530827,4.085915176698204,ponderado
co2a0000368,alcoholic,TP8,S2 nomatch,1.0742104627815843,7.027167174448466,6.541704272971019,ponderado
co2a0000369,alcoholic,P8,S1 obj,3.6382870578875695,21.164806138828894,5.817244709414825,ponderado
co2a0000369,alcoholic,P8,S2 match,1.0555156828995016,23.449659746983176,22.21630632959139,ponderado
co2a0000369,alcoholic,P8,S2 nomatch,1.8940008226160425,46.113433359774184,24.34710313170885,ponderado
co2a0000369,alcoholic,PO8,S1 obj,2.3654833047252404,24.720593948887103,10.450546786572435,ponderado
co2a0000369,alcoholic,PO8,S2 match,0.9568771846811447,23.57446453547484,24.636875988772204,ponderado
co2a0000369,alcoholic,PO8,S2 nomatch,2.8942576073274546,39.909129005147285,13.78907285381525,ponderado
co2a0000369,alcoholic,T8,S1 obj,1.5502163742077817,11.237515450582467,7.248998035080914,ponderado
co2a0000369,alcoholic,T8,S2 match,0.41517091875364276,38.57707102959551,92.91852894081596,ponderado
co2a0000369,alcoholic,T8,S2 nomatch,1.8327995507837664,44.52896911605563,24.29560237343661,ponderado
co2a0000369,alcoholic,TP8,S1 obj,1.187288114821069,14.099132795033885,11.875072797438643,ponderado
co2a0000369,alcoholic,TP8,S2 match,0.9154482762201049,29.17855429614615,31.873514926069543,ponderado
co2a0000369,alcoholic,TP8,S2 nomatch,1.7917756507953424,41.843239818993524,23.35294588941419,ponderado
co2a0000370,alcoholic,P8,S1 obj,0.2841177378235019,7.8363511713538445,27.58135141925528,ponderado
co2a0000370,alcoholic,P8,S2 match,0.21016395692556394,15.953088117422162,75.90782144948118,ponderado
co2a0000370,alcoholic,P8,S2 nomatch,0.1315298056329792,9.388704518339146,71.38081344495703,ponderado
co2a0000370,alcoholic,PO8,S1 obj,0.22425346654161293,8.129706913876147,36.252313238455926,ponderado
co2a0000370,alcoholic,PO8,S2 match,0.02504823862193053,16.04931529190243,640.7362822650031,ponderado
co2a0000370,alcoholic,PO8,S2 nomatch,0.02755747894359615,12.145511675930893,440.73377324500456,ponderado
co2a0000370,alcoholic,T8,S1 obj,0.01168460565807646,5.340835436643919,457.08307091667274,ponderado
co2a0000370,alcoholic,T8,S2 match,0.07302528350469024,26.28697143376456,359.97082342140044,ponderado
co2a0000370,alcoholic,T8,S2 nomatch,0.057099753394454354,5.728575191560761,100.32574312513812,ponderado
co2a0000370,alcoholic,TP8,S1 obj,0.09097842642457175,4.231749788395168,46.51377205236254,ponderado
co2a0000370,alcoholic,TP8,S2 match,0.44510295368258507,16.44300195230698,36.942019405319265,ponderado
co2a0000370,alcoholic,TP8,S2 nomatch,0.05707957965137811,7.383019400019057,129.34607166191358,ponderado
co2a0000371,alcoholic,P8,S1 obj,0.34032521715398956,15.549639097799012,45.690528688513695,ponderado
co2a0000371,alcoholic,P8,S2 match,1.3385216952562389,22.791424309871463,17.027310345917407,ponderado
co2a0000371,alcoholic,P8,S2 nomatch,0.7044639003691258,13.922195752627747,19.762823539052576,ponderado
co2a0000371,alcoholic,PO8,S1 obj,1.0246460647840665,12.164141263920515,11.87155417074088,ponderado
co2a0000371,alcoholic,PO8,S2 match,1.8438480775283477,24.501392071149862,13.288183755352357,ponderado
co2a0000371,alcoholic,PO8,S2 nomatch,0.18388688510515255,16.223386087585656,88.22481319594158,ponderado
co2a0000371,alcoholic,T8,S1 obj,3.7812157277176843,9.357289315944227,2.4746774555474045,ponderado
co2a0000371,alcoholic,T8,S2 match,4.28117704639151,23.19210247821636,5.417225736497949,ponderado
co2a0000371,alcoholic,T8,S2 nomatch,1.8538639801574308,17.37346105578069,9.371486388286874,ponderado
co2a0000371,alcoholic,TP8,S1 obj,4.280539904124156,11.31617978523159,2.6436337561831467,ponderado
co2a0000371,alcoholic,TP8,S2 match,1.1746535691804838,23.571574512971917,20.066830877989847,ponderado
co2a0000371,alcoholic,TP8,S2 nomatch,1.613118578445986,15.269795190166263,9.466009129270939,ponderado
co2a0000372,alcoholic,P8,S1 obj,0.18932188359886912,17.090000959428004,90.2695485305751,ponderado
co2a0000372,alcoholic,P8,S2 match,0.13939980079833933,14.674250126372625,105.26736797566097,ponderado
co2a0000372,alcoholic,P8,S2 nomatch,0.04744722598415884,19.05542639848194,401.6130764914256,ponderado
co2a0000372,alcoholic,PO8,S1 obj,0.04159758606946456,24.36752226156945,585.7917385128476,ponderado
co2a0000372,alcoholic,PO8,S2 match,0.014762302312804424,20.13054027560259,1363.645036461684,ponderado
co2a0000372,alcoholic,PO8,S2 nomatch,0.014920136534770404,30.9546695354458,2074.6907686339173,ponderado
co2a0000372,alcoholic,T8,S1 obj,0.23121584591696812,4.568387399023317,19.758106893174915,ponderado
co2a0000372,alcoholic,T8,S2 match,0.012127769051170285,5.708873716274306,470.72744312552857,ponderado
co2a0000372,alcoholic,T8,S2 nomatch,0.7472857704003876,5.459686880562234,7.3060228052208105,ponderado
co2a0000372,alcoholic,TP8,S1 obj,0.17876218983715453,10.091202176588949,56.45042828006104,ponderado
co2a0000372,alcoholic,TP8,S2 match,0.10474419311126174,10.069115353979262,96.13053530598695,ponderado
co2a0000372,alcoholic,TP8,S2 nomatch,0.09723150278896878,9.720364944930754,99.97135358514237,ponderado
co2a0000375,alcoholic,P8,S1 obj,1.1114549115646868,15.72166308090065,14.145119984010838,ponderado
co2a0000375,alcoholic,P8,S2 match,1.5675206152656898,29.07052444799824,18.545545216367618,ponderado
co2a0000375,alcoholic,P8,S2 nomatch,0.7158537916639524,9.834025019712943,13.737477029847723,ponderado
co2a0000375,alcoholic,PO8,S1 obj,0.8792427725759475,17.453568396964812,19.85068167899805,ponderado
co2a0000375,alcoholic,PO8,S2 match,0.16634835401849898,19.78671581949695,118.94746982165236,ponderado
co2a0000375,alcoholic,PO8,S2 nomatch,0.6391374450607421,8.073474693079685,12.631828655121906,ponderado
co2a0000375,alcoholic,T8,S1 obj,0.09261524582191373,3.6348097720355175,39.24634372859899,ponderado
co2a0000375,alcoholic,T8,S2 match,0.2380135565459232,9.866700847500022,41.45436499788744,ponderado
co2a0000375,alcoholic,T8,S2 nomatch,0.34054336663132584,7.658558442506885,22.48923101414594,ponderado
co2a0000375,alcoholic,TP8,S1 obj,0.0860275072612142,4.081872666817602,47.44845918205429,ponderado
co2a0000375,alcoholic,TP8,S2 match,0.47324327860379334,11.29826609962932,23.874118472347927,ponderado
co2a0000375,alcoholic,TP8,S2 nomatch,0.5465411214993755,7.061416076965101,12.920191727921372,ponderado
co2a0000377,alcoholic,P8,S1 obj,1.272167815966487,5.773609497378334,4.538402422161597,ponderado
co2a0000377,alcoholic,P8,S2 match,0.16414895214445696,8.073098822847431,49.18154345415994,ponderado
co2a0000377,alcoholic,P8,S2 nomatch,0.10721365740114584,6.178798525632142,57.63070373127767,ponderado
co2a0000377,alcoholic,PO8,S1 obj,2.3493313086637193,11.469994840183503,4.882238106598742,ponderado
co2a0000377,alcoholic,PO8,S2 match,0.3631311056233778,11.019595751704099,30.346052929800774,ponderado
co2a0000377,alcoholic,PO8,S2 nomatch,0.28264375985785267,11.44960626031983,40.50896529991701,ponderado
co2a0000377,alcoholic,T8,S1 obj,1.5835324170977767,8.352848218886724,5.274819844986457,ponderado
co2a0000377,alcoholic,T8,S2 match,0.3806130464795991,8.87401778110062,23.31506463895285,ponderado
co2a0000377,alcoholic,T8,S2 nomatch,0.0007621588622450921,3.501671276743446,4594.411283795309,ponderado
co2a0000377,alcoholic,TP8,S1 obj,0.8428940336872255,4.177621791173354,4.956283499716351,ponderado
co2a0000377,alcoholic,TP8,S2 match,0.056791186253618134,6.7694352256519394,119.19869388572003,ponderado
co2a0000377,alcoholic,TP8,S2 nomatch,0.08669272376003076,3.730083613963465,43.026490023413025,ponderado
co2a0000378,alcoholic,P8,S1 obj,1.3945810169279773,21.772032546636943,15.61188076014185,ponderado
co2a0000378,alcoholic,P8,S2 match,0.3883535931996079,12.468889956686974,32.107054434483246,ponderado
co2a0000378,alcoholic,P8,S2 nomatch,0.10468074770911447,7.9098505411504725,75.56165497719088,ponderado
co2a0000378,alcoholic,PO8,S1 obj,1.7019948187101668,41.06874161921002,24.12976888515642,ponderado
co2a0000378,alcoholic,PO8,S2 match,0.5126016973044668,21.917873589487694,42.75809796327942,ponderado
co2a0000378,alcoholic,PO8,S2 nomatch,0.34906215354530473,13.470832291793242,38.59150055362523,ponderado
co2a0000378,alcoholic,T8,S1 obj,4.8443351936484405,18.17658810529603,3.7521326206179797,ponderado
co2a0000378,alcoholic,T8,S2 match,0.06153519027632077,10.617272764582092,172.53985429972258,ponderado
co2a0000378,alcoholic,T8,S2 nomatch,3.462870396151243,15.26737207421213,4.408877701914813,ponderado
co2a0000378,alcoholic,TP8,S1 obj,0.20594997687806368,12.538718388741353,60.882349096669834,ponderado
co2a0000378,alcoholic,TP8,S2 match,0.27023748072985165,11.278371584262862,41.735038210845055,ponderado
co2a0000378,alcoholic,TP8,S2 nomatch,0.2767872174258566,11.345856075097887,40.991257402040674,ponderado
co2c0000337,control,P8,S1 obj,2.8722520293570377,20.050946639230226,6.980914778470429,ponderado
co2c0000337,control,P8,S2 match,0.8451726175668878,21.879779418097268,25.88794166224355,ponderado
co2c0000337,control,P8,S2 nomatch,10.065934430737814,26.427713588601552,2.6254605342848882,ponderado
co2c0000337,control,PO8,S1 obj,2.2616494768206303,19.19943794710819,8.48913067382054,ponderado
co2c0000337,control,PO8,S2 match,0.167855636277582,41.26501399571454,245.83633240336835,ponderado
co2c0000337,control,PO8,S2 nomatch,2.754448195416361,23.33400264440972,8.47138918177496,ponderado
co2c0000337,control,T8,S1 obj,2.409363311862915,10.462378726453213,4.342383182702206,ponderado
co2c0000337,control,T8,S2 match,0.5034062289310293,12.788577790079366,25.40409127879803,ponderado
co2c0000337,control,T8,S2 nomatch,9.749541523692688,17.53147844102648,1.7981849093542137,ponderado
co2c0000337,control,TP8,S1 obj,1.0278466313248125,19.04177330765946,18.525889687565677,ponderado
co2c0000337,control,TP8,S2 match,0.7633489770632281,16.239968861537935,21.27463237589795,ponderado
co2c0000337,control,TP8,S2 nomatch,13.11620011520237,25.46233537999792,1.9412890285568094,ponderado
co2c0000338,control,P8,S1 obj,1.644268018997448,49.59064850205817,30.15971114751405,ponderado
co2c0000338,control,P8,S2 match,0.42238980710505636,20.491634302376646,48.51356249058346,ponderado
co2c0000338,control,P8,S2 nomatch,1.5905794767639443,34.196152521810056,21.49917877186659,ponderado
co2c0000338,control,PO8,S1 obj,7.764986984234397,86.56655984331836,11.148320018961828,ponderado
co2c0000338,control,PO8,S2 match,0.518622031711467,18.715609741379225,36.08718603723254,ponderado
co2c0000338,control,PO8,S2 nomatch,2.5054043931125727,51.602406596986015,20.596438139424713,ponderado
co2c0000338,control,T8,S1 obj,0.017351697733570773,9.452135358644748,544.7383595414678,ponderado
co2c0000338,control,T8,S2 match,0.5717913574353178,14.552545833730909,25.450797121180905,ponderado
co2c0000338,control,T8,S2 nomatch,1.5565543204886194,15.780432282264957,10.138054338708402,ponderado
co2c0000338,control,TP8,S1 obj,0.4173728279503655,24.451607526211493,58.58456969105643,ponderado
co2c0000338,control,TP8,S2 match,0.04806860523641573,10.49905636366068,218.41816112664787,ponderado
co2c0000338,control,TP8,S2 nomatch,0.11099606380443734,23.291611320450677,209.84177746598198,ponderado
co2c0000339,control,P8,S1 obj,0.7013000730924703,5.738404564356242,8.18252383612628,ponderado
co2c0000339,control,P8,S2 match,0.06115550967422118,52.80082106089375,863.3861665476533,ponderado
co2c0000339,control,P8,S2 nomatch,0.5150225906856065,39.25299678075904,76.21606797578492,ponderado
co2c0000339,control,PO8,S1 obj,0.14114649729898185,6.027322158930711,42.70259818182671,ponderado
co2c0000339,control,PO8,S2 match,0.3382534067283225,62.02193335186835,183.35937530315243,ponderado
co2c0000339,control,PO8,S2 nomatch,0.08978721328890263,55.65810363732749,619.8889752624345,ponderado
co2c0000339,control,T8,S1 obj,0.01642962247297509,2.393161337816927,145.66137120639334,ponderado
co2c0000339,control,T8,S2 match,0.006796597291583886,30.417525933407827,4475.405063512199,ponderado
co2c0000339,control,T8,S2 nomatch,0.34936022016297247,34.234462039445894,97.9918721813145,ponderado
co2c0000339,control,TP8,S1 obj,0.2943948287875721,5.067788240167834,17.214256993028307,ponderado
co2c0000339,control,TP8,S2 match,0.05509026180741531,40.50123779624148,735.1796209977332,ponderado
co2c0000339,control,TP8,S2 nomatch,0.4988891715455986,39.255630020837074,78.68607350049308,ponderado
co2c0000340,control,P8,S1 obj,1.436008608806858,47.13437377775873,32.82318329339366,ponderado
co2c0000340,control,P8,S2 match,0.8725755516393295,41.88889897051987,48.00604244735272,ponderado
co2c0000340,control,P8,S2 nomatch,3.471663275024777,27.60021467566471,7.950141614891417,ponderado
co2c0000340,control,PO8,S1 obj,0.4888688178339435,45.41912756269499,92.90657515023331,ponderado
co2c0000340,control,PO8,S2 match,0.4841391229540631,38.4236304676754,79.36485329511612,ponderado
co2c0000340,control,PO8,S2 nomatch,2.309108431167367,41.42816173762265,17.941193743196674,ponderado
co2c0000340,control,T8,S1 obj,0.020966279587583587,19.47725132778256,928.9798529309492,ponderado
co2c0000340,control,T8,S2 match,2.817161190359039,25.979408457498845,9.221839540600744,ponderado
co2c0000340,control,T8,S2 nomatch,2.83432048309839,13.016387064278607,4.592418938471454,ponderado
co2c0000340,control,TP8,S1 obj,0.7278253720945818,24.430840177354778,33.5668982067033,ponderado
co2c0000340,control,TP8,S2 match,1.4019502067587943,31.66033675120672,22.583067928213435,ponderado
co2c0000340,control,TP8,S2 nomatch,2.4759544821424346,7.058560162280358,2.8508440737459,ponderado
co2c0000341,control,P8,S1 obj,1.8928609629070985,34.6339469915602,18.297142616522983,ponderado
co2c0000341,control,P8,S2 match,0.5587530209493405,23.323703004805374,41.742419513325586,ponderado
co2c0000341,control,P8,S2 nomatch,0.1688657076736609,18.026845528080297,106.75255370923402,ponderado
co2c0000341,control,PO8,S1 obj,1.0295491807703843,31.09019860176064,30.19787610194267,ponderado
co2c0000341,control,PO8,S2 match,0.34916515589488234,20.144389982732406,57.6930132994054,ponderado
co2c0000341,control,PO8,S2 nomatch,0.04706868137504123,20.686638235021825,439.4989965873822,ponderado
co2c0000341,control,T8,S1 obj,1.7382984336097318,24.545087050957427,14.120180158010822,ponderado
co2c0000341,control,T8,S2 match,0.010671563885373807,14.127820377230837,1323.875350321811,ponderado
co2c0000341,control,T8,S2 nomatch,0.011297364775323197,4.65334507657826,411.8965058774192,ponderado
co2c0000341,control,TP8,S1 obj,2.9856909982240083,25.14004475796088,8.42017635881109,ponderado
co2c0000341,control,TP8,S2 match,0.06815134857539389,15.175861112918373,222.67880871249014,ponderado
co2c0000341,control,TP8,S2 nomatch,0.0825735529949784,10.415409959844569,126.13493766554974,ponderado
co2c0000342,control,P8,S1 obj,0.5710962530413185,29.629151405854444,51.88118683683745,ponderado
co2c0000342,control,P8,S2 match,0.2557963674475968,18.5840314108226,72.65166271225404,ponderado
co2c0000342,control,P8,S2 nomatch,1.8468936187148242,11.377658277128118,6.160429686819403,ponderado
co2c0000342,control,PO8,S1 obj,0.6760861864011077,24.419446030661035,36.11883591446948,ponderado
co2c0000342,control,PO8,S2 match,0.5485771791073184,13.958950874645065,25.445737457325524,ponderado
co2c0000342,control,PO8,S2 nomatch,0.7399070676358329,9.276085300824267,12.536824834588234,ponderado
co2c0000342,control,T8,S1 obj,0.7994135973009854,20.929630753444872,26.181229371264628,ponderado
co2c0000342,control,T8,S2 match,0.09381004673654825,18.5971384530756,198.24250280252963,ponderado
co2c0000342,control,T8,S2 nomatch,0.16671782511142746,14.001941806235132,83.98587131805972,ponderado
co2c0000342,control,TP8,S1 obj,1.0466623887205846,23.83298880338794,22.770464535867028,ponderado
co2c0000342,control,TP8,S2 match,0.14151754606727093,16.049189776891115,113.40777326128922,ponderado
co2c0000342,control,TP8,S2 nomatch,0.6187538360727247,9.98351291002175,16.134870328057804,ponderado
co2c0000344,control,P8,S1 obj,0.1765414431833248,10.892045316988327,61.69681815548415,ponderado
co2c0000344,control,P8,S2 match,0.8431006734998275,71.82634563440118,85.19308297577332,ponderado
co2c0000344,control,P8,S2 nomatch,0.9806818041938297,25.9046455714226,26.414934447282352,ponderado
co2c0000344,control,PO8,S1 obj,0.43571284279297007,15.162201299961387,34.798610026663226,ponderado
co2c0000344,control,PO8,S2 match,1.2927194139907512,81.09034485142399,62.72849620250552,ponderado
co2c0000344,control,PO8,S2 nomatch,0.6808214386143262,29.064784956043916,42.690760466061974,ponderado
co2c0000344,control,T8,S1 obj,0.4600971521222433,13.333365537549517,28.979456786567923,ponderado
co2c0000344,control,T8,S2 match,0.9760836306213362,64.92778944049437,66.51867463361096,ponderado
co2c0000344,control,T8,S2 nomatch,2.2086674103109525,36.643840974351775,16.590927544492896,ponderado
co2c0000344,control,TP8,S1 obj,0.06282363856257868,9.374091822820168,149.21281284086444,ponderado
co2c0000344,control,TP8,S2 match,0.8783857129676588,67.20802187287165,76.513109082577,ponderado
co2c0000344,control,TP8,S2 nomatch,1.3352571095258756,29.273147178144473,21.923228844322583,ponderado
co2c0000345,control,P8,S1 obj,0.5602995310712977,139.0340055900382,248.1422844031369,ponderado
co2c0000345,control,P8,S2 match,2.59982110649844,12.253908671811786,4.713366100914505,ponderado
co2c0000345,control,P8,S2 nomatch,1.5929137277884757,37.53521038662437,23.56386898538218,ponderado
co2c0000345,control,PO8,S1 obj,0.850209716217156,117.45930577921389,138.15333268811182,ponderado
co2c0000345,control,PO8,S2 match,3.0269851577409788,12.744190632288365,4.210192639926679,ponderado
co2c0000345,control,PO8,S2 nomatch,1.6302419522706137,29.855292983844453,18.31341227739954,ponderado
co2c0000345,control,T8,S1 obj,2.412897649613394,28.959289784041648,12.00187243279119,ponderado
co2c0000345,control,T8,S2 match,0.02542755699581194,23.019740762196903,905.3068199193648,ponderado
co2c0000345,control,T8,S2 nomatch,1.575075943154197,19.408459203345053,12.322237088123059,ponderado
co2c0000345,control,TP8,S1 obj,0.8492525597718069,80.31014400896677,94.56567788332131,ponderado
co2c0000345,control,TP8,S2 match,0.9063198673542249,11.859135383783379,13.084933709335061,ponderado
co2c0000345,control,TP8,S2 nomatch,3.102027929170203,19.53757511942755,6.298323408278881,ponderado
co2c0000346,control,P8,S1 obj,2.825841757986169,20.238795030958833,7.16204117720377,ponderado
co2c0000346,control,P8,S2 match,0.2585426341068545,50.143938817121125,193.9484332645766,ponderado
co2c0000346,control,P8,S2 nomatch,0.03202549638618703,58.055675041942706,1812.7954783858652,ponderado
co2c0000346,control,PO8,S1 obj,5.658665635427708,23.121476005367192,4.086029727681474,ponderado
co2c0000346,control,PO8,S2 match,0.7018458473124956,41.27088655930919,58.803349364170856,ponderado
co2c0000346,control,PO8,S2 nomatch,0.26630730830277466,53.31942364741238,200.21765075553822,ponderado
co2c0000346,control,T8,S1 obj,3.9546720709670926,8.334233522526432,2.1074398516406805,ponderado
co2c0000346,control,T8,S2 match,4.939299226733824,31.36897718597004,6.350896300468353,ponderado
co2c0000346,control,T8,S2 nomatch,6.106192191571145,24.81409470002868,4.063759200747319,ponderado
co2c0000346,control,TP8,S1 obj,0.6016212966309924,7.022876095567459,11.673250489792713,ponderado
co2c0000346,control,TP8,S2 match,0.0618011589841858,29.344836858487522,474.8266430730939,ponderado
co2c0000346,control,TP8,S2 nomatch,0.38863865574044015,29.728633555038645,76.49427846645673,ponderado
co2c0000347,control,P8,S1 obj,0.19414408980526082,12.425605187984164,64.00197503023583,ponderado
co2c0000347,control,P8,S2 match,1.1394695524965068,25.653873279146328,22.51387342728052,ponderado
co2c0000347,control,P8,S2 nomatch,1.4751683141505876,17.317978039893475,11.739662432937553,ponderado
co2c0000347,control,PO8,S1 obj,0.581316194005295,9.10794065931304,15.667791045969174,ponderado
co2c0000347,control,PO8,S2 match,1.1067009498850002,29.05599175840728,26.254600903185775,ponderado
co2c0000347,control,PO8,S2 nomatch,1.4456134024853782,20.12195159052399,13.919317264165665,ponderado
co2c0000347,control,T8,S1 obj,0.48309061481828675,7.608184176509455,15.748979473284226,ponderado
co2c0000347,control,T8,S2 match,0.8020825551540298,27.416817199531696,34.18203902248771,ponderado
co2c0000347,control,T8,S2 nomatch,0.4114823248220055,9.599141278314644,23.328198319252074,ponderado
co2c0000347,control,TP8,S1 obj,0.3224811240227316,10.057050244100655,31.186477269260994,ponderado
co2c0000347,control,TP8,S2 match,1.3438057459269857,28.07622311815732,20.893066727281887,ponderado
co2c0000347,control,TP8,S2 nomatch,1.560366260503424,14.376932991760597,9.213819444623303,ponderado
